participant,exp,total_alpha_dB,relative_alpha_dB,channels,Aperiodic_Offset,Aperiodic_Exponent,R_squared,Error,delta_CF_Hz_peak,mean_delta_cf,relative_delta_dB,total_delta_dB,delta_BW_Hz_peak,delta_BW_Hz_sum,theta_CF_Hz_peak,mean_theta_cf,relative_theta_dB,total_theta_dB,theta_BW_Hz_peak,theta_BW_Hz_sum,beta_CF_Hz_peak,mean_beta_cf,relative_beta_dB,total_beta_dB,beta_BW_Hz_peak,beta_BW_Hz_sum,gamma_CF_Hz_peak,mean_gamma_cf,relative_gamma_dB,total_gamma_dB,gamma_BW_Hz_peak,gamma_BW_Hz_sum
sub-001,base,-0.6725205844364985,1.0883217952081492,Fp1,-10.225319,1.86946,0.994434,0.025689,0,0,0,0,0,0,6.365578,6.365578,1.620464,1.620464,1.478246,1.478246,23.679045,21.215355,1.069517,2.035811,1.400306,3.513808,38.628458,36.637755,2.228476,3.51395,2.405262,4.447556
sub-001,base,-0.6725205844364985,1.0883217952081492,Fz,-12.814067,-0.370689,0.561277,0.084571,0,0,0,0,0,0,0.0,0.0,0.0,0.0,0.0,0.0,18.124502,20.633658,3.95033,6.805831,3.33541,7.6969,0.0,0.0,0.0,0.0,0.0,0.0
sub-001,base,-0.6725205844364985,1.0883217952081492,F3,-12.08732,-0.135221,0.39411,0.090586,0,0,0,0,0,0,0.0,0.0,0.0,0.0,0.0,0.0,20.486749,20.486749,3.581974,3.581974,6.772498,6.772498,0.0,0.0,0.0,0.0,0.0,0.0
sub-001,base,-0.6725205844364985,1.0883217952081492,F7,-10.034906,1.716854,0.989942,0.031243,0,0,0,0,0,0,6.35372,6.35372,1.745566,1.745566,1.721904,1.721904,0.0,0.0,0.0,0.0,0.0,0.0,38.228822,35.320363,2.340702,5.386843,3.58835,6.887977
sub-001,base,-0.6725205844364985,1.0883217952081492,FT9,-9.490399,2.06493,0.994931,0.027053,0,0,0,0,0,0,6.627678,6.627678,1.016377,1.016377,1.4,1.4,0.0,0.0,0.0,0.0,0.0,0.0,38.83947,36.861907,2.560917,3.403194,3.073874,4.473874
sub-001,base,-0.6725205844364985,1.0883217952081492,FC5,-11.552562,0.127292,0.647238,0.079704,0,0,0,0,0,0,5.9945,5.9945,2.910369,2.910369,2.317815,2.317815,20.120873,20.120873,3.62165,3.62165,4.843762,4.843762,0.0,0.0,0.0,0.0,0.0,0.0
sub-001,base,-0.6725205844364985,1.0883217952081492,C3,-10.259299,1.757439,0.980977,0.053183,0,0,0,0,0,0,6.897821,6.897821,1.260352,1.260352,1.4,1.4,15.555706,16.894953,1.496474,2.858166,3.204679,4.950956,0.0,0.0,0.0,0.0,0.0,0.0
sub-001,base,-0.6725205844364985,1.0883217952081492,T7,-10.565684,0.829103,0.964234,0.025901,0,0,0,0,0,0,6.245136,6.245136,1.36758,1.36758,1.526562,1.526562,16.656182,16.656182,2.79241,2.79241,2.815548,2.815548,31.67594,34.674885,3.066829,5.901673,4.222672,10.581565
sub-001,base,-0.6725205844364985,1.0883217952081492,TP9,-9.421741,2.040943,0.992191,0.034117,0,0,0,0,0,0,0.0,0.0,0.0,0.0,0.0,0.0,0.0,0.0,0.0,0.0,0.0,0.0,38.178823,35.000121,2.431647,6.10775,3.93962,8.266627
sub-001,base,-0.6725205844364985,1.0883217952081492,CP5,-9.933335,1.662226,0.989156,0.030942,0,0,0,0,0,0,0.0,0.0,0.0,0.0,0.0,0.0,16.047449,16.047449,1.844645,1.844645,2.654166,2.654166,32.647422,35.329239,2.946148,5.836709,1.4,6.713342
sub-001,base,-0.6725205844364985,1.0883217952081492,CP1,-9.859399,2.144221,0.993057,0.035223,0,0,0,0,0,0,0.0,0.0,0.0,0.0,0.0,0.0,16.798708,16.798708,1.764375,1.764375,4.606276,4.606276,0.0,0.0,0.0,0.0,0.0,0.0
sub-001,base,-0.6725205844364985,1.0883217952081492,Pz,-9.518478,2.325985,0.996426,0.026479,0,0,0,0,0,0,0.0,0.0,0.0,0.0,0.0,0.0,15.463119,19.261882,2.259366,4.691841,3.8993,8.995133,0.0,0.0,0.0,0.0,0.0,0.0
sub-001,base,-0.6725205844364985,1.0883217952081492,P3,-9.612908,2.120752,0.992762,0.035668,0,0,0,0,0,0,0.0,0.0,0.0,0.0,0.0,0.0,15.248453,15.248453,2.402179,2.402179,5.702784,5.702784,37.964446,37.964446,0.940968,0.940968,5.392046,5.392046
sub-001,base,-0.6725205844364985,1.0883217952081492,P7,-9.37024,2.120494,0.993971,0.034909,0,0,0,0,0,0,0.0,0.0,0.0,0.0,0.0,0.0,15.163254,15.163254,1.861593,1.861593,3.561852,3.561852,33.011579,35.507917,1.964477,3.099669,1.4,7.900296
sub-001,base,-0.6725205844364985,1.0883217952081492,O1,-9.161917,2.423156,0.993301,0.043756,0,0,0,0,0,0,0.0,0.0,0.0,0.0,0.0,0.0,19.883025,19.883025,1.349756,1.349756,8.0,8.0,0.0,0.0,0.0,0.0,0.0,0.0
sub-001,base,-0.6725205844364985,1.0883217952081492,Oz,-9.148929,2.462194,0.996304,0.031712,0,0,0,0,0,0,0.0,0.0,0.0,0.0,0.0,0.0,16.930893,20.234962,1.800398,3.532209,6.695509,9.025774,0.0,0.0,0.0,0.0,0.0,0.0
sub-001,base,-0.6725205844364985,1.0883217952081492,O2,-9.157999,2.421697,0.99519,0.038237,0,0,0,0,0,0,0.0,0.0,0.0,0.0,0.0,0.0,20.914284,20.914284,1.350879,1.350879,5.95682,5.95682,0.0,0.0,0.0,0.0,0.0,0.0
sub-001,base,-0.6725205844364985,1.0883217952081492,P4,-9.431408,2.320475,0.995688,0.032349,0,0,0,0,0,0,0.0,0.0,0.0,0.0,0.0,0.0,18.196364,18.196364,1.358006,1.358006,7.267305,7.267305,0.0,0.0,0.0,0.0,0.0,0.0
sub-001,base,-0.6725205844364985,1.0883217952081492,P8,-9.157734,2.380754,0.995115,0.03826,0,0,0,0,0,0,0.0,0.0,0.0,0.0,0.0,0.0,0.0,0.0,0.0,0.0,0.0,0.0,0.0,0.0,0.0,0.0,0.0,0.0
sub-001,base,-0.6725205844364985,1.0883217952081492,TP10,-9.140262,2.414388,0.996937,0.025062,0,0,0,0,0,0,0.0,0.0,0.0,0.0,0.0,0.0,15.094846,16.840655,1.535261,2.33445,1.4,3.914565,39.893617,36.257952,1.831585,3.453904,7.230947,8.630947
sub-001,base,-0.6725205844364985,1.0883217952081492,CP6,-9.525448,2.1756,0.993586,0.033717,0,0,0,0,0,0,0.0,0.0,0.0,0.0,0.0,0.0,0.0,0.0,0.0,0.0,0.0,0.0,38.651777,34.022294,2.644496,5.147781,2.105876,6.305876
sub-001,base,-0.6725205844364985,1.0883217952081492,CP2,-9.700164,2.312621,0.994816,0.026781,0,0,0,0,0,0,0.0,0.0,0.0,0.0,0.0,0.0,16.09997,18.678866,1.447778,3.712752,2.723063,5.523063,0.0,0.0,0.0,0.0,0.0,0.0
sub-001,base,-0.6725205844364985,1.0883217952081492,Cz,-11.021183,1.68463,0.996022,0.021641,0,0,0,0,0,0,6.403248,6.403248,3.717369,3.717369,2.709309,2.709309,17.551608,23.361394,1.148661,2.002274,2.920494,4.320494,32.196065,34.676242,2.044547,2.690577,2.009748,5.833486
sub-001,base,-0.6725205844364985,1.0883217952081492,C4,-9.918153,2.113827,0.99635,0.025934,0,0,0,0,0,0,6.66714,6.66714,1.394626,1.394626,1.4,1.4,17.262689,17.262689,1.49872,1.49872,5.407634,5.407634,0.0,0.0,0.0,0.0,0.0,0.0
sub-001,base,-0.6725205844364985,1.0883217952081492,T8,-9.667569,1.972591,0.983015,0.048975,0,0,0,0,0,0,0.0,0.0,0.0,0.0,0.0,0.0,0.0,0.0,0.0,0.0,0.0,0.0,0.0,0.0,0.0,0.0,0.0,0.0
sub-001,base,-0.6725205844364985,1.0883217952081492,FT10,-9.329735,2.295591,0.994722,0.031927,0,0,0,0,0,0,0.0,0.0,0.0,0.0,0.0,0.0,14.941673,16.568391,0.678737,1.132429,1.4,2.8,36.632933,36.632933,1.049953,1.049953,8.0,8.0
sub-001,base,-0.6725205844364985,1.0883217952081492,FC6,-10.319242,1.524646,0.948723,0.053356,0,0,0,0,0,0,0.0,0.0,0.0,0.0,0.0,0.0,21.218838,25.516866,0.912391,1.359437,3.23206,4.63206,36.009574,36.009574,1.965154,1.965154,7.076091,7.076091
sub-001,base,-0.6725205844364985,1.0883217952081492,FC2,-11.53205,1.265518,0.989293,0.030362,0,0,0,0,0,0,6.357583,6.357583,4.157848,4.157848,1.925566,1.925566,21.509301,21.227665,1.600679,3.997092,1.4,5.992508,0.0,0.0,0.0,0.0,0.0,0.0
sub-001,base,-0.6725205844364985,1.0883217952081492,F4,-11.174707,0.963159,0.819676,0.068435,0,0,0,0,0,0,0.0,0.0,0.0,0.0,0.0,0.0,18.614993,20.482604,2.096146,4.105173,1.576361,5.225763,37.736176,34.737257,1.920688,4.952841,2.703745,7.553262
sub-001,base,-0.6725205844364985,1.0883217952081492,F8,-9.755404,2.003224,0.988747,0.037371,0,0,0,0,0,0,0.0,0.0,0.0,0.0,0.0,0.0,19.76995,19.76995,0.666664,0.666664,3.66705,3.66705,36.538663,36.538663,1.6969,1.6969,8.0,8.0
sub-001,base,-0.6725205844364985,1.0883217952081492,Fp2,-10.194033,1.832854,0.98361,0.041104,0,0,0,0,0,0,0.0,0.0,0.0,0.0,0.0,0.0,0.0,0.0,0.0,0.0,0.0,0.0,38.715015,35.272867,2.618258,6.09378,3.83513,7.91181
sub-001,lowlevel,-1.0531660093824438,1.225781655358988,Fp1,-10.102183,1.922103,0.987685,0.045739,0,0,0,0,0,0,0.0,0.0,0.0,0.0,0.0,0.0,19.192958,19.192958,0.767546,0.767546,4.851077,4.851077,0.0,0.0,0.0,0.0,0.0,0.0
sub-001,lowlevel,-1.0531660093824438,1.225781655358988,Fz,-12.704778,-0.259651,0.520766,0.093967,0,0,0,0,0,0,0.0,0.0,0.0,0.0,0.0,0.0,20.922192,20.922192,4.157172,4.157172,6.393939,6.393939,0.0,0.0,0.0,0.0,0.0,0.0
sub-001,lowlevel,-1.0531660093824438,1.225781655358988,F3,-12.157983,0.061291,0.928906,0.044796,0,0,0,0,0,0,6.697295,6.697295,5.821488,5.821488,3.500085,3.500085,21.338595,21.338595,4.176925,4.176925,5.195323,5.195323,39.33138,39.33138,1.722419,1.722419,4.521415,4.521415
sub-001,lowlevel,-1.0531660093824438,1.225781655358988,F7,-10.076566,1.64315,0.98891,0.033434,0,0,0,0,0,0,0.0,0.0,0.0,0.0,0.0,0.0,24.668614,24.668614,1.161219,1.161219,1.4,1.4,39.346497,39.346497,1.866701,1.866701,5.397368,5.397368
sub-001,lowlevel,-1.0531660093824438,1.225781655358988,FT9,-9.499064,2.021925,0.995022,0.027717,0,0,0,0,0,0,0.0,0.0,0.0,0.0,0.0,0.0,25.09402,25.09402,0.854692,0.854692,1.4,1.4,38.393872,36.305317,1.874711,2.67221,2.79237,4.19237
sub-001,lowlevel,-1.0531660093824438,1.225781655358988,FC5,-11.595928,0.193023,0.942289,0.034527,0,0,0,0,0,0,0.0,0.0,0.0,0.0,0.0,0.0,23.198568,20.528643,1.785651,3.487045,4.808203,6.208203,0.0,0.0,0.0,0.0,0.0,0.0
sub-001,lowlevel,-1.0531660093824438,1.225781655358988,C3,-9.880834,2.053395,0.992769,0.036565,0,0,0,0,0,0,0.0,0.0,0.0,0.0,0.0,0.0,16.455566,16.455566,1.858155,1.858155,4.950623,4.950623,38.643429,38.643429,0.830305,0.830305,1.4,1.4
sub-001,lowlevel,-1.0531660093824438,1.225781655358988,T7,-9.822964,1.682542,0.991522,0.029274,0,0,0,0,0,0,0.0,0.0,0.0,0.0,0.0,0.0,28.996938,28.996938,1.835665,1.835665,1.852834,1.852834,38.122592,35.448476,2.426114,3.887523,2.270167,4.445416
sub-001,lowlevel,-1.0531660093824438,1.225781655358988,TP9,-9.299445,2.152675,0.995392,0.032757,0,0,0,0,0,0,0.0,0.0,0.0,0.0,0.0,0.0,0.0,0.0,0.0,0.0,0.0,0.0,38.233624,38.233624,1.218256,1.218256,1.458177,1.458177
sub-001,lowlevel,-1.0531660093824438,1.225781655358988,CP5,-9.577005,2.068266,0.992875,0.038347,0,0,0,0,0,0,0.0,0.0,0.0,0.0,0.0,0.0,0.0,0.0,0.0,0.0,0.0,0.0,0.0,0.0,0.0,0.0,0.0,0.0
sub-001,lowlevel,-1.0531660093824438,1.225781655358988,CP1,-9.68045,2.22431,0.992196,0.038344,0,0,0,0,0,0,0.0,0.0,0.0,0.0,0.0,0.0,16.34873,16.34873,2.051829,2.051829,4.688105,4.688105,38.68749,38.68749,0.954973,0.954973,1.4,1.4
sub-001,lowlevel,-1.0531660093824438,1.225781655358988,Pz,-9.479714,2.281553,0.990843,0.047338,0,0,0,0,0,0,0.0,0.0,0.0,0.0,0.0,0.0,16.124536,16.124536,2.044668,2.044668,8.0,8.0,0.0,0.0,0.0,0.0,0.0,0.0
sub-001,lowlevel,-1.0531660093824438,1.225781655358988,P3,-9.491927,2.182204,0.993132,0.041784,0,0,0,0,0,0,0.0,0.0,0.0,0.0,0.0,0.0,16.63608,16.63608,2.17436,2.17436,7.710719,7.710719,0.0,0.0,0.0,0.0,0.0,0.0
sub-001,lowlevel,-1.0531660093824438,1.225781655358988,P7,-9.156841,2.313743,0.991918,0.053267,0,0,0,0,0,0,0.0,0.0,0.0,0.0,0.0,0.0,0.0,0.0,0.0,0.0,0.0,0.0,0.0,0.0,0.0,0.0,0.0,0.0
sub-001,lowlevel,-1.0531660093824438,1.225781655358988,O1,-9.139494,2.377011,0.992824,0.047797,0,0,0,0,0,0,0.0,0.0,0.0,0.0,0.0,0.0,16.057813,16.057813,2.526786,2.526786,6.99872,6.99872,0.0,0.0,0.0,0.0,0.0,0.0
sub-001,lowlevel,-1.0531660093824438,1.225781655358988,Oz,-9.148618,2.366357,0.984105,0.073216,0,0,0,0,0,0,0.0,0.0,0.0,0.0,0.0,0.0,0.0,0.0,0.0,0.0,0.0,0.0,0.0,0.0,0.0,0.0,0.0,0.0
sub-001,lowlevel,-1.0531660093824438,1.225781655358988,O2,-9.203057,2.307567,0.983045,0.074988,0,0,0,0,0,0,0.0,0.0,0.0,0.0,0.0,0.0,0.0,0.0,0.0,0.0,0.0,0.0,0.0,0.0,0.0,0.0,0.0,0.0
sub-001,lowlevel,-1.0531660093824438,1.225781655358988,P4,-9.468414,2.241481,0.990359,0.050843,0,0,0,0,0,0,0.0,0.0,0.0,0.0,0.0,0.0,17.612228,17.612228,1.588267,1.588267,8.0,8.0,0.0,0.0,0.0,0.0,0.0,0.0
sub-001,lowlevel,-1.0531660093824438,1.225781655358988,P8,-9.190699,2.31857,0.986557,0.061663,0,0,0,0,0,0,0.0,0.0,0.0,0.0,0.0,0.0,0.0,0.0,0.0,0.0,0.0,0.0,0.0,0.0,0.0,0.0,0.0,0.0
sub-001,lowlevel,-1.0531660093824438,1.225781655358988,TP10,-9.394973,2.145724,0.991403,0.046982,0,0,0,0,0,0,0.0,0.0,0.0,0.0,0.0,0.0,0.0,0.0,0.0,0.0,0.0,0.0,0.0,0.0,0.0,0.0,0.0,0.0
sub-001,lowlevel,-1.0531660093824438,1.225781655358988,CP6,-9.753604,1.973004,0.988527,0.048891,0,0,0,0,0,0,0.0,0.0,0.0,0.0,0.0,0.0,0.0,0.0,0.0,0.0,0.0,0.0,0.0,0.0,0.0,0.0,0.0,0.0
sub-001,lowlevel,-1.0531660093824438,1.225781655358988,CP2,-9.69247,2.265674,0.993664,0.035255,0,0,0,0,0,0,0.0,0.0,0.0,0.0,0.0,0.0,15.84699,23.543038,2.238986,4.768232,5.058974,8.061604,0.0,0.0,0.0,0.0,0.0,0.0
sub-001,lowlevel,-1.0531660093824438,1.225781655358988,Cz,-10.576314,1.94629,0.992105,0.030575,0,0,0,0,0,0,6.995511,6.995511,2.167042,2.167042,1.740116,1.740116,15.952545,16.585143,1.709847,3.081157,1.4,2.8,31.459079,35.407569,1.913989,3.430494,7.853957,9.307937
sub-001,lowlevel,-1.0531660093824438,1.225781655358988,C4,-10.087842,1.894485,0.987438,0.045694,0,0,0,0,0,0,0.0,0.0,0.0,0.0,0.0,0.0,16.419683,16.419683,2.000569,2.000569,2.721764,2.721764,0.0,0.0,0.0,0.0,0.0,0.0
sub-001,lowlevel,-1.0531660093824438,1.225781655358988,T8,-9.745284,1.85343,0.985855,0.043942,0,0,0,0,0,0,0.0,0.0,0.0,0.0,0.0,0.0,0.0,0.0,0.0,0.0,0.0,0.0,39.015657,36.00706,2.003135,3.288821,5.752477,7.152477
sub-001,lowlevel,-1.0531660093824438,1.225781655358988,FT10,-9.509076,2.070492,0.987962,0.043905,0,0,0,0,0,0,0.0,0.0,0.0,0.0,0.0,0.0,18.033783,18.033783,1.152078,1.152078,1.4,1.4,36.009574,36.009574,1.091266,1.091266,8.0,8.0
sub-001,lowlevel,-1.0531660093824438,1.225781655358988,FC6,-10.969211,0.843157,0.900805,0.065459,0,0,0,0,0,0,0.0,0.0,0.0,0.0,0.0,0.0,24.194026,22.954135,2.091032,4.109844,3.034456,4.434456,0.0,0.0,0.0,0.0,0.0,0.0
sub-001,lowlevel,-1.0531660093824438,1.225781655358988,FC2,-11.903819,0.801221,0.977543,0.030446,0,0,0,0,0,0,6.564252,6.564252,4.255092,4.255092,1.921545,1.921545,23.304642,21.270818,2.117807,7.285889,5.140164,9.841942,31.104832,31.104832,1.211315,1.211315,1.4,1.4
sub-001,lowlevel,-1.0531660093824438,1.225781655358988,F4,-11.645522,0.367732,0.59559,0.066497,0,0,0,0,0,0,0.0,0.0,0.0,0.0,0.0,0.0,25.767042,23.407522,2.773627,5.200281,2.858072,7.664367,35.480661,33.170663,1.395715,2.569598,1.4,2.8
sub-001,lowlevel,-1.0531660093824438,1.225781655358988,F8,-10.078092,1.654863,0.987452,0.040859,0,0,0,0,0,0,0.0,0.0,0.0,0.0,0.0,0.0,17.560586,21.956842,1.289501,2.345117,1.4,2.8,0.0,0.0,0.0,0.0,0.0,0.0
sub-001,lowlevel,-1.0531660093824438,1.225781655358988,Fp2,-10.175227,1.84779,0.99288,0.033826,0,0,0,0,0,0,0.0,0.0,0.0,0.0,0.0,0.0,26.259427,26.259427,0.475678,0.475678,1.4,1.4,39.796644,39.796644,1.754018,1.754018,4.513832,4.513832
sub-001,highlevel,-0.3051502346471853,0.4881429005604257,Fp1,-9.893722,2.071774,0.974606,0.063629,0,0,0,0,0,0,0.0,0.0,0.0,0.0,0.0,0.0,0.0,0.0,0.0,0.0,0.0,0.0,0.0,0.0,0.0,0.0,0.0,0.0
sub-001,highlevel,-0.3051502346471853,0.4881429005604257,Fz,-13.097682,-0.539385,0.9376,0.036412,0,0,0,0,0,0,6.445208,6.445208,5.819186,5.819186,2.178891,2.178891,24.730006,22.195406,3.470486,6.913696,3.505792,8.354278,0.0,0.0,0.0,0.0,0.0,0.0
sub-001,highlevel,-0.3051502346471853,0.4881429005604257,F3,-11.842344,0.087494,0.470007,0.083525,0,0,0,0,0,0,0.0,0.0,0.0,0.0,0.0,0.0,22.381057,22.381057,3.66272,3.66272,6.519254,6.519254,0.0,0.0,0.0,0.0,0.0,0.0
sub-001,highlevel,-0.3051502346471853,0.4881429005604257,F7,-9.812278,1.848303,0.950505,0.087144,0,0,0,0,0,0,0.0,0.0,0.0,0.0,0.0,0.0,0.0,0.0,0.0,0.0,0.0,0.0,0.0,0.0,0.0,0.0,0.0,0.0
sub-001,highlevel,-0.3051502346471853,0.4881429005604257,FT9,-9.628073,1.958354,0.995173,0.029507,0,0,0,0,0,0,6.920115,6.920115,2.467198,2.467198,1.662731,1.662731,15.758988,15.758988,1.456994,1.456994,1.4,1.4,37.718464,35.096466,2.067151,2.883301,3.242458,7.55437
sub-001,highlevel,-0.3051502346471853,0.4881429005604257,FC5,-10.50807,1.066492,0.91065,0.050676,0,0,0,0,0,0,0.0,0.0,0.0,0.0,0.0,0.0,29.539874,29.539874,1.33334,1.33334,2.159611,2.159611,35.133641,35.133641,2.174879,2.174879,7.544694,7.544694
sub-001,highlevel,-0.3051502346471853,0.4881429005604257,C3,-9.892422,2.064778,0.994614,0.030636,0,0,0,0,0,0,0.0,0.0,0.0,0.0,0.0,0.0,15.727787,17.091698,3.061981,4.70653,1.656311,3.456202,0.0,0.0,0.0,0.0,0.0,0.0
sub-001,highlevel,-0.3051502346471853,0.4881429005604257,T7,-10.188083,1.134033,0.896554,0.060053,0,0,0,0,0,0,0.0,0.0,0.0,0.0,0.0,0.0,16.413187,16.413187,2.308991,2.308991,2.865052,2.865052,35.303145,35.303145,3.333725,3.333725,8.0,8.0
sub-001,highlevel,-0.3051502346471853,0.4881429005604257,TP9,-9.15564,2.322917,0.99473,0.031578,0,0,0,0,0,0,0.0,0.0,0.0,0.0,0.0,0.0,15.804894,15.804894,2.32025,2.32025,1.913325,1.913325,0.0,0.0,0.0,0.0,0.0,0.0
sub-001,highlevel,-0.3051502346471853,0.4881429005604257,CP5,-9.577395,2.04185,0.990859,0.039256,0,0,0,0,0,0,0.0,0.0,0.0,0.0,0.0,0.0,15.672866,17.122907,3.436123,5.069095,2.192144,3.592144,38.262426,34.967889,2.234058,3.507499,4.758033,7.972352
sub-001,highlevel,-0.3051502346471853,0.4881429005604257,CP1,-9.677317,2.274261,0.995119,0.024996,0,0,0,0,0,0,6.899036,6.899036,1.237927,1.237927,1.4,1.4,16.603925,16.603925,2.805834,2.805834,3.805795,3.805795,0.0,0.0,0.0,0.0,0.0,0.0
sub-001,highlevel,-0.3051502346471853,0.4881429005604257,Pz,-9.360686,2.410118,0.992543,0.037483,0,0,0,0,0,0,0.0,0.0,0.0,0.0,0.0,0.0,16.545071,16.545071,2.208178,2.208178,6.794302,6.794302,0.0,0.0,0.0,0.0,0.0,0.0
sub-001,highlevel,-0.3051502346471853,0.4881429005604257,P3,-9.347695,2.320585,0.991265,0.044419,0,0,0,0,0,0,0.0,0.0,0.0,0.0,0.0,0.0,15.314107,15.314107,2.989025,2.989025,6.665882,6.665882,0.0,0.0,0.0,0.0,0.0,0.0
sub-001,highlevel,-0.3051502346471853,0.4881429005604257,P7,-8.950447,2.547015,0.993113,0.041014,0,0,0,0,0,0,0.0,0.0,0.0,0.0,0.0,0.0,15.328269,15.328269,3.45927,3.45927,5.669607,5.669607,0.0,0.0,0.0,0.0,0.0,0.0
sub-001,highlevel,-0.3051502346471853,0.4881429005604257,O1,-8.991876,2.548815,0.991396,0.045807,0,0,0,0,0,0,0.0,0.0,0.0,0.0,0.0,0.0,16.143508,16.143508,2.746787,2.746787,7.641494,7.641494,0.0,0.0,0.0,0.0,0.0,0.0
sub-001,highlevel,-0.3051502346471853,0.4881429005604257,Oz,-9.008877,2.55572,0.992769,0.040953,0,0,0,0,0,0,0.0,0.0,0.0,0.0,0.0,0.0,15.726614,19.19839,2.53803,3.498591,5.704338,13.704338,0.0,0.0,0.0,0.0,0.0,0.0
sub-001,highlevel,-0.3051502346471853,0.4881429005604257,O2,-9.039862,2.507894,0.993868,0.035416,0,0,0,0,0,0,0.0,0.0,0.0,0.0,0.0,0.0,16.012942,19.0643,2.230274,3.339978,6.426708,14.426708,0.0,0.0,0.0,0.0,0.0,0.0
sub-001,highlevel,-0.3051502346471853,0.4881429005604257,P4,-9.214747,2.486987,0.99405,0.033149,0,0,0,0,0,0,0.0,0.0,0.0,0.0,0.0,0.0,18.327634,18.327634,2.075384,2.075384,8.0,8.0,0.0,0.0,0.0,0.0,0.0,0.0
sub-001,highlevel,-0.3051502346471853,0.4881429005604257,P8,-9.083702,2.440732,0.994466,0.032747,0,0,0,0,0,0,0.0,0.0,0.0,0.0,0.0,0.0,16.869755,16.869755,1.651805,1.651805,7.227874,7.227874,0.0,0.0,0.0,0.0,0.0,0.0
sub-001,highlevel,-0.3051502346471853,0.4881429005604257,TP10,-9.310209,2.24134,0.992673,0.038553,0,0,0,0,0,0,0.0,0.0,0.0,0.0,0.0,0.0,16.482735,16.482735,1.847028,1.847028,3.317607,3.317607,36.785758,36.785758,1.588814,1.588814,1.445043,1.445043
sub-001,highlevel,-0.3051502346471853,0.4881429005604257,CP6,-9.52578,2.209574,0.99487,0.03122,0,0,0,0,0,0,0.0,0.0,0.0,0.0,0.0,0.0,16.293801,16.293801,1.631474,1.631474,7.234752,7.234752,0.0,0.0,0.0,0.0,0.0,0.0
sub-001,highlevel,-0.3051502346471853,0.4881429005604257,CP2,-9.630358,2.347053,0.9951,0.03157,0,0,0,0,0,0,6.883878,6.883878,1.443289,1.443289,1.4,1.4,16.996487,16.996487,1.916652,1.916652,5.052049,5.052049,0.0,0.0,0.0,0.0,0.0,0.0
sub-001,highlevel,-0.3051502346471853,0.4881429005604257,Cz,-10.653389,1.915512,0.994208,0.029848,0,0,0,0,0,0,6.50443,6.50443,3.767413,3.767413,1.4,1.4,29.326302,23.172892,1.677907,3.116566,2.212981,3.782247,34.755051,34.755051,1.01404,1.01404,7.552394,7.552394
sub-001,highlevel,-0.3051502346471853,0.4881429005604257,C4,-9.810007,2.165645,0.996051,0.026451,0,0,0,0,0,0,6.967418,6.967418,1.75013,1.75013,1.4,1.4,16.992713,16.992713,1.999155,1.999155,3.700294,3.700294,0.0,0.0,0.0,0.0,0.0,0.0
sub-001,highlevel,-0.3051502346471853,0.4881429005604257,T8,-9.639783,1.988572,0.984114,0.052161,0,0,0,0,0,0,0.0,0.0,0.0,0.0,0.0,0.0,15.745745,16.872996,1.019067,1.939989,1.4,3.915918,31.503274,31.503274,0.928502,0.928502,1.4,1.4
sub-001,highlevel,-0.3051502346471853,0.4881429005604257,FT10,-9.148173,2.362009,0.986433,0.050066,0,0,0,0,0,0,0.0,0.0,0.0,0.0,0.0,0.0,0.0,0.0,0.0,0.0,0.0,0.0,37.630962,37.630962,1.344665,1.344665,3.506355,3.506355
sub-001,highlevel,-0.3051502346471853,0.4881429005604257,FC6,-10.331158,1.436754,0.91318,0.082813,0,0,0,0,0,0,0.0,0.0,0.0,0.0,0.0,0.0,0.0,0.0,0.0,0.0,0.0,0.0,0.0,0.0,0.0,0.0,0.0,0.0
sub-001,highlevel,-0.3051502346471853,0.4881429005604257,FC2,-11.453168,1.278224,0.991181,0.029227,0,0,0,0,0,0,6.680031,6.680031,4.929208,4.929208,1.567359,1.567359,17.619843,20.754855,1.582095,2.873504,3.844379,5.450248,0.0,0.0,0.0,0.0,0.0,0.0
sub-001,highlevel,-0.3051502346471853,0.4881429005604257,F4,-11.215261,0.824013,0.763005,0.082746,0,0,0,0,0,0,0.0,0.0,0.0,0.0,0.0,0.0,0.0,0.0,0.0,0.0,0.0,0.0,0.0,0.0,0.0,0.0,0.0,0.0
sub-001,highlevel,-0.3051502346471853,0.4881429005604257,F8,-9.898572,1.874539,0.985815,0.046698,0,0,0,0,0,0,0.0,0.0,0.0,0.0,0.0,0.0,0.0,0.0,0.0,0.0,0.0,0.0,38.79819,38.79819,1.233105,1.233105,8.0,8.0
sub-001,highlevel,-0.3051502346471853,0.4881429005604257,Fp2,-10.173975,1.87203,0.985333,0.044248,0,0,0,0,0,0,0.0,0.0,0.0,0.0,0.0,0.0,0.0,0.0,0.0,0.0,0.0,0.0,37.534364,37.534364,1.545008,1.545008,5.641246,5.641246
sub-002,base,0.5337079017178665,9.983615938628192,Fp1,-11.759987,0.249913,0.74842,0.052752,0,0,0,0,0,0,0.0,0.0,0.0,0.0,0.0,0.0,21.769031,24.208377,3.893692,6.343062,4.35266,9.533214,33.262565,33.262565,0.763137,0.763137,1.4,1.4
sub-002,base,0.5337079017178665,9.983615938628192,Fz,-13.245262,-0.486902,0.938183,0.040987,0,0,0,0,0,0,0.0,0.0,0.0,0.0,0.0,0.0,24.66766,22.462922,4.145273,7.551653,5.941349,9.380458,0.0,0.0,0.0,0.0,0.0,0.0
sub-002,base,0.5337079017178665,9.983615938628192,F3,-12.578671,-0.338598,0.880262,0.049557,0,0,0,0,0,0,0.0,0.0,0.0,0.0,0.0,0.0,25.151994,23.029832,4.047654,7.521306,5.869363,9.918963,0.0,0.0,0.0,0.0,0.0,0.0
sub-002,base,0.5337079017178665,9.983615938628192,F7,-11.690549,0.274569,0.848431,0.044728,0,0,0,0,0,0,0.0,0.0,0.0,0.0,0.0,0.0,21.630897,23.972675,3.385822,5.974144,3.719448,9.683237,37.718955,35.508173,0.962969,1.864535,1.4,2.8
sub-002,base,0.5337079017178665,9.983615938628192,FT9,-10.918636,0.956717,0.915917,0.052873,0,0,0,0,0,0,0.0,0.0,0.0,0.0,0.0,0.0,28.623149,25.352793,2.350898,4.09085,6.133603,8.827251,37.613692,35.415567,1.867987,3.586043,1.4,2.8
sub-002,base,0.5337079017178665,9.983615938628192,FC5,-12.135035,-0.083683,0.780372,0.063831,0,0,0,0,0,0,0.0,0.0,0.0,0.0,0.0,0.0,22.809047,25.329159,4.58624,7.418903,5.032486,9.159133,0.0,0.0,0.0,0.0,0.0,0.0
sub-002,base,0.5337079017178665,9.983615938628192,C3,-11.531906,0.776956,0.903602,0.049351,0,0,0,0,0,0,0.0,0.0,0.0,0.0,0.0,0.0,27.08613,27.08613,3.291468,3.291468,8.0,8.0,0.0,0.0,0.0,0.0,0.0,0.0
sub-002,base,0.5337079017178665,9.983615938628192,T7,-11.535638,0.333024,0.759141,0.043019,0,0,0,0,0,0,0.0,0.0,0.0,0.0,0.0,0.0,20.85923,23.350719,2.533168,3.530157,3.569958,10.077911,0.0,0.0,0.0,0.0,0.0,0.0
sub-002,base,0.5337079017178665,9.983615938628192,TP9,-11.060394,0.684967,0.941743,0.039792,0,0,0,0,0,0,0.0,0.0,0.0,0.0,0.0,0.0,0.0,0.0,0.0,0.0,0.0,0.0,0.0,0.0,0.0,0.0,0.0,0.0
sub-002,base,0.5337079017178665,9.983615938628192,CP5,-11.255396,0.716136,0.959142,0.028904,0,0,0,0,0,0,0.0,0.0,0.0,0.0,0.0,0.0,28.556739,23.756795,1.940118,5.257345,7.50942,10.774658,0.0,0.0,0.0,0.0,0.0,0.0
sub-002,base,0.5337079017178665,9.983615938628192,CP1,-11.393869,0.861237,0.941549,0.042077,0,0,0,0,0,0,0.0,0.0,0.0,0.0,0.0,0.0,26.959293,26.959293,2.919796,2.919796,8.0,8.0,0.0,0.0,0.0,0.0,0.0,0.0
sub-002,base,0.5337079017178665,9.983615938628192,Pz,-11.09841,0.952057,0.975605,0.031453,0,0,0,0,0,0,0.0,0.0,0.0,0.0,0.0,0.0,27.781977,23.914852,2.920361,6.675357,6.290128,9.313196,0.0,0.0,0.0,0.0,0.0,0.0
sub-002,base,0.5337079017178665,9.983615938628192,P3,-10.985004,0.983814,0.983165,0.025182,0,0,0,0,0,0,0.0,0.0,0.0,0.0,0.0,0.0,28.040929,23.818807,2.636782,6.146819,6.611399,10.091263,0.0,0.0,0.0,0.0,0.0,0.0
sub-002,base,0.5337079017178665,9.983615938628192,P7,-11.095508,0.643143,0.983825,0.020355,0,0,0,0,0,0,0.0,0.0,0.0,0.0,0.0,0.0,27.099966,24.06593,1.530032,2.77297,6.709352,9.821859,0.0,0.0,0.0,0.0,0.0,0.0
sub-002,base,0.5337079017178665,9.983615938628192,O1,-10.587855,1.147718,0.986115,0.031818,0,0,0,0,0,0,0.0,0.0,0.0,0.0,0.0,0.0,28.105375,22.076473,2.589338,4.082561,4.864236,13.831066,0.0,0.0,0.0,0.0,0.0,0.0
sub-002,base,0.5337079017178665,9.983615938628192,Oz,-10.617183,1.146982,0.987423,0.031788,0,0,0,0,0,0,0.0,0.0,0.0,0.0,0.0,0.0,28.517113,23.638702,3.212823,5.905471,1.4,8.650458,31.804869,31.804869,1.15475,1.15475,1.928115,1.928115
sub-002,base,0.5337079017178665,9.983615938628192,O2,-10.584503,1.162978,0.988684,0.032084,0,0,0,0,0,0,0.0,0.0,0.0,0.0,0.0,0.0,28.806739,25.397375,2.795941,5.375531,1.709916,8.40202,31.57501,31.57501,1.240875,1.240875,1.836962,1.836962
sub-002,base,0.5337079017178665,9.983615938628192,P4,-11.02971,0.939472,0.982977,0.029893,0,0,0,0,0,0,0.0,0.0,0.0,0.0,0.0,0.0,27.134601,23.764341,2.761363,4.583777,7.316981,9.166425,0.0,0.0,0.0,0.0,0.0,0.0
sub-002,base,0.5337079017178665,9.983615938628192,P8,-10.958073,0.821679,0.974529,0.037737,0,0,0,0,0,0,0.0,0.0,0.0,0.0,0.0,0.0,25.288688,25.288688,2.350462,2.350462,7.510382,7.510382,0.0,0.0,0.0,0.0,0.0,0.0
sub-002,base,0.5337079017178665,9.983615938628192,TP10,-11.088429,0.622063,0.950311,0.033982,0,0,0,0,0,0,0.0,0.0,0.0,0.0,0.0,0.0,25.301186,25.301186,1.434898,1.434898,7.512301,7.512301,0.0,0.0,0.0,0.0,0.0,0.0
sub-002,base,0.5337079017178665,9.983615938628192,CP6,-11.337328,0.662608,0.932281,0.040602,0,0,0,0,0,0,0.0,0.0,0.0,0.0,0.0,0.0,25.535845,25.535845,2.761691,2.761691,8.0,8.0,0.0,0.0,0.0,0.0,0.0,0.0
sub-002,base,0.5337079017178665,9.983615938628192,CP2,-11.519062,0.776635,0.932659,0.040447,0,0,0,0,0,0,0.0,0.0,0.0,0.0,0.0,0.0,27.291787,27.291787,2.968477,2.968477,8.0,8.0,0.0,0.0,0.0,0.0,0.0,0.0
sub-002,base,0.5337079017178665,9.983615938628192,Cz,-12.014573,0.71276,0.75473,0.062173,0,0,0,0,0,0,0.0,0.0,0.0,0.0,0.0,0.0,29.995321,26.519139,2.456884,6.780802,3.126319,8.407225,33.794214,33.794214,1.991855,1.991855,1.500346,1.500346
sub-002,base,0.5337079017178665,9.983615938628192,C4,-11.737899,0.652092,0.89194,0.043848,0,0,0,0,0,0,0.0,0.0,0.0,0.0,0.0,0.0,29.719151,26.315666,2.877296,5.584203,5.970926,11.047631,0.0,0.0,0.0,0.0,0.0,0.0
sub-002,base,0.5337079017178665,9.983615938628192,T8,-11.267061,0.667461,0.909489,0.039119,0,0,0,0,0,0,0.0,0.0,0.0,0.0,0.0,0.0,20.627596,23.868737,2.253398,4.061928,3.049035,9.305772,0.0,0.0,0.0,0.0,0.0,0.0
sub-002,base,0.5337079017178665,9.983615938628192,FT10,-10.853506,1.035998,0.919227,0.056116,0,0,0,0,0,0,0.0,0.0,0.0,0.0,0.0,0.0,26.302215,26.302215,2.84995,2.84995,8.0,8.0,0.0,0.0,0.0,0.0,0.0,0.0
sub-002,base,0.5337079017178665,9.983615938628192,FC6,-11.461454,0.748716,0.913292,0.038611,0,0,0,0,0,0,0.0,0.0,0.0,0.0,0.0,0.0,23.184341,23.79703,2.574896,6.786582,2.736855,10.05606,0.0,0.0,0.0,0.0,0.0,0.0
sub-002,base,0.5337079017178665,9.983615938628192,FC2,-12.428913,0.407156,0.832569,0.03961,0,0,0,0,0,0,0.0,0.0,0.0,0.0,0.0,0.0,23.024712,26.47796,2.810117,4.99958,5.949361,10.241462,0.0,0.0,0.0,0.0,0.0,0.0
sub-002,base,0.5337079017178665,9.983615938628192,F4,-11.887786,0.541824,0.779706,0.058086,0,0,0,0,0,0,0.0,0.0,0.0,0.0,0.0,0.0,25.015398,25.015398,3.18421,3.18421,8.0,8.0,0.0,0.0,0.0,0.0,0.0,0.0
sub-002,base,0.5337079017178665,9.983615938628192,F8,-11.60076,0.489701,0.777,0.059009,0,0,0,0,0,0,0.0,0.0,0.0,0.0,0.0,0.0,24.095736,23.428205,3.434942,11.736894,1.4,9.920556,0.0,0.0,0.0,0.0,0.0,0.0
sub-002,base,0.5337079017178665,9.983615938628192,Fp2,-11.665994,0.48783,0.703607,0.070993,0,0,0,0,0,0,0.0,0.0,0.0,0.0,0.0,0.0,21.973577,24.836014,3.482097,5.812868,4.173532,9.16453,37.6681,37.6681,1.480357,1.480357,1.4,1.4
sub-002,lowlevel,1.3983109589073612,5.553578893641779,Fp1,-11.966259,0.204497,0.872944,0.034744,0,0,0,0,0,0,0.0,0.0,0.0,0.0,0.0,0.0,22.94626,25.222384,2.565035,4.501049,4.917627,7.894076,30.303158,30.303158,1.339211,1.339211,1.4,1.4
sub-002,lowlevel,1.3983109589073612,5.553578893641779,Fz,-12.882859,-0.112439,0.548428,0.067718,0,0,0,0,0,0,0.0,0.0,0.0,0.0,0.0,0.0,22.955271,22.955271,3.041257,3.041257,6.56323,6.56323,0.0,0.0,0.0,0.0,0.0,0.0
sub-002,lowlevel,1.3983109589073612,5.553578893641779,F3,-12.269309,-0.035113,0.665413,0.061919,0,0,0,0,0,0,0.0,0.0,0.0,0.0,0.0,0.0,21.94002,25.264043,3.622877,9.385139,4.336258,9.156102,0.0,0.0,0.0,0.0,0.0,0.0
sub-002,lowlevel,1.3983109589073612,5.553578893641779,F7,-11.310639,0.626087,0.833207,0.04772,0,0,0,0,0,0,0.0,0.0,0.0,0.0,0.0,0.0,25.519143,25.519143,2.717889,2.717889,7.887118,7.887118,0.0,0.0,0.0,0.0,0.0,0.0
sub-002,lowlevel,1.3983109589073612,5.553578893641779,FT9,-10.858525,1.08427,0.968986,0.037528,0,0,0,0,0,0,0.0,0.0,0.0,0.0,0.0,0.0,28.553016,26.672806,2.490003,4.341009,2.010077,7.066821,32.125505,32.125505,1.497965,1.497965,2.49662,2.49662
sub-002,lowlevel,1.3983109589073612,5.553578893641779,FC5,-12.345808,-0.184385,0.786249,0.053473,0,0,0,0,0,0,0.0,0.0,0.0,0.0,0.0,0.0,22.7325,25.385323,4.083118,6.705391,4.820661,9.454962,0.0,0.0,0.0,0.0,0.0,0.0
sub-002,lowlevel,1.3983109589073612,5.553578893641779,C3,-11.411692,0.922712,0.968768,0.030379,0,0,0,0,0,0,0.0,0.0,0.0,0.0,0.0,0.0,23.804258,23.804258,2.526936,2.526936,5.780322,5.780322,30.638084,30.638084,2.679291,2.679291,5.334141,5.334141
sub-002,lowlevel,1.3983109589073612,5.553578893641779,T7,-11.757915,0.14236,0.783668,0.039156,0,0,0,0,0,0,0.0,0.0,0.0,0.0,0.0,0.0,22.892996,22.892996,3.034969,3.034969,5.820091,5.820091,0.0,0.0,0.0,0.0,0.0,0.0
sub-002,lowlevel,1.3983109589073612,5.553578893641779,TP9,-11.129822,0.688293,0.952814,0.040963,0,0,0,0,0,0,0.0,0.0,0.0,0.0,0.0,0.0,21.242085,22.808909,1.508164,4.320654,2.174085,7.301258,0.0,0.0,0.0,0.0,0.0,0.0
sub-002,lowlevel,1.3983109589073612,5.553578893641779,CP5,-11.490496,0.499986,0.888931,0.042807,0,0,0,0,0,0,0.0,0.0,0.0,0.0,0.0,0.0,25.197763,25.197763,1.152964,1.152964,8.0,8.0,0.0,0.0,0.0,0.0,0.0,0.0
sub-002,lowlevel,1.3983109589073612,5.553578893641779,CP1,-11.030531,1.258377,0.982226,0.02961,0,0,0,0,0,0,0.0,0.0,0.0,0.0,0.0,0.0,27.348735,26.710757,3.588946,9.110766,1.4,8.722971,31.165198,32.671432,3.048036,4.874251,2.161133,3.808597
sub-002,lowlevel,1.3983109589073612,5.553578893641779,Pz,-10.783575,1.30026,0.978134,0.042823,0,0,0,0,0,0,0.0,0.0,0.0,0.0,0.0,0.0,29.034546,25.438898,3.228226,5.319107,6.047533,10.459958,0.0,0.0,0.0,0.0,0.0,0.0
sub-002,lowlevel,1.3983109589073612,5.553578893641779,P3,-10.916048,1.100912,0.980498,0.035429,0,0,0,0,0,0,0.0,0.0,0.0,0.0,0.0,0.0,27.925695,25.649153,2.500603,4.50697,1.947688,7.341146,30.739781,30.739781,1.776871,1.776871,4.609736,4.609736
sub-002,lowlevel,1.3983109589073612,5.553578893641779,P7,-11.26634,0.522167,0.969893,0.030989,0,0,0,0,0,0,0.0,0.0,0.0,0.0,0.0,0.0,23.494224,23.494224,2.154745,2.154745,6.374984,6.374984,0.0,0.0,0.0,0.0,0.0,0.0
sub-002,lowlevel,1.3983109589073612,5.553578893641779,O1,-10.541224,1.253297,0.986404,0.038747,0,0,0,0,0,0,0.0,0.0,0.0,0.0,0.0,0.0,28.059212,25.314816,2.641512,4.137738,2.385334,7.605398,31.225108,31.225108,1.93205,1.93205,1.4,1.4
sub-002,lowlevel,1.3983109589073612,5.553578893641779,Oz,-10.487693,1.321167,0.986613,0.037898,0,0,0,0,0,0,0.0,0.0,0.0,0.0,0.0,0.0,27.93809,21.30746,3.008694,7.756703,2.627407,9.598692,31.164733,31.164733,2.286015,2.286015,1.4,1.4
sub-002,lowlevel,1.3983109589073612,5.553578893641779,O2,-10.416859,1.347948,0.985178,0.043201,0,0,0,0,0,0,0.0,0.0,0.0,0.0,0.0,0.0,28.135851,21.77283,2.679083,6.027147,2.343277,9.195272,31.134151,31.134151,2.014809,2.014809,1.49491,1.49491
sub-002,lowlevel,1.3983109589073612,5.553578893641779,P4,-10.882845,1.098158,0.9774,0.043928,0,0,0,0,0,0,0.0,0.0,0.0,0.0,0.0,0.0,26.578269,26.578269,2.67639,2.67639,8.0,8.0,0.0,0.0,0.0,0.0,0.0,0.0
sub-002,lowlevel,1.3983109589073612,5.553578893641779,P8,-10.935525,0.855498,0.984397,0.035516,0,0,0,0,0,0,0.0,0.0,0.0,0.0,0.0,0.0,28.31876,25.636939,1.671962,3.303415,4.634469,9.150666,0.0,0.0,0.0,0.0,0.0,0.0
sub-002,lowlevel,1.3983109589073612,5.553578893641779,TP10,-11.13875,0.639593,0.969033,0.033662,0,0,0,0,0,0,0.0,0.0,0.0,0.0,0.0,0.0,23.146701,24.027926,2.026499,4.873079,1.446417,9.804444,0.0,0.0,0.0,0.0,0.0,0.0
sub-002,lowlevel,1.3983109589073612,5.553578893641779,CP6,-11.278009,0.724391,0.979142,0.026229,0,0,0,0,0,0,0.0,0.0,0.0,0.0,0.0,0.0,27.631531,23.669704,2.367029,6.053955,3.895065,9.066829,33.1106,33.1106,1.286272,1.286272,2.172157,2.172157
sub-002,lowlevel,1.3983109589073612,5.553578893641779,CP2,-11.303258,1.011982,0.962664,0.043901,0,0,0,0,0,0,0.0,0.0,0.0,0.0,0.0,0.0,27.15446,27.15446,3.00366,3.00366,8.0,8.0,0.0,0.0,0.0,0.0,0.0,0.0
sub-002,lowlevel,1.3983109589073612,5.553578893641779,Cz,-11.906541,0.948653,0.9668,0.033099,0,0,0,0,0,0,0.0,0.0,0.0,0.0,0.0,0.0,27.080177,24.38722,3.635693,7.212272,1.414514,10.224174,31.219254,31.219254,2.67721,2.67721,5.44229,5.44229
sub-002,lowlevel,1.3983109589073612,5.553578893641779,C4,-11.574915,0.799209,0.942248,0.038715,0,0,0,0,0,0,0.0,0.0,0.0,0.0,0.0,0.0,29.043091,25.517655,2.512153,4.786053,7.834771,11.873161,0.0,0.0,0.0,0.0,0.0,0.0
sub-002,lowlevel,1.3983109589073612,5.553578893641779,T8,-11.293719,0.66786,0.911789,0.049223,0,0,0,0,0,0,0.0,0.0,0.0,0.0,0.0,0.0,24.521618,24.521618,2.086844,2.086844,7.791596,7.791596,0.0,0.0,0.0,0.0,0.0,0.0
sub-002,lowlevel,1.3983109589073612,5.553578893641779,FT10,-10.981043,0.964769,0.972628,0.036614,0,0,0,0,0,0,0.0,0.0,0.0,0.0,0.0,0.0,28.153893,25.288775,2.850006,4.798721,6.259087,9.141299,0.0,0.0,0.0,0.0,0.0,0.0
sub-002,lowlevel,1.3983109589073612,5.553578893641779,FC6,-11.373119,0.87976,0.939546,0.043948,0,0,0,0,0,0,0.0,0.0,0.0,0.0,0.0,0.0,27.755926,24.673753,2.195118,4.043674,7.260268,11.365128,0.0,0.0,0.0,0.0,0.0,0.0
sub-002,lowlevel,1.3983109589073612,5.553578893641779,FC2,-12.391223,0.532427,0.904419,0.039708,0,0,0,0,0,0,0.0,0.0,0.0,0.0,0.0,0.0,21.354091,25.188808,2.705902,5.147258,4.440221,11.656172,0.0,0.0,0.0,0.0,0.0,0.0
sub-002,lowlevel,1.3983109589073612,5.553578893641779,F4,-11.919352,0.606915,0.94571,0.033198,0,0,0,0,0,0,0.0,0.0,0.0,0.0,0.0,0.0,21.958635,25.300439,2.655419,4.860748,5.022821,10.480033,32.979845,32.979845,1.537906,1.537906,1.857254,1.857254
sub-002,lowlevel,1.3983109589073612,5.553578893641779,F8,-11.787733,0.450346,0.922992,0.04946,0,0,0,0,0,0,0.0,0.0,0.0,0.0,0.0,0.0,25.261122,25.261122,3.309593,3.309593,8.0,8.0,0.0,0.0,0.0,0.0,0.0,0.0
sub-002,lowlevel,1.3983109589073612,5.553578893641779,Fp2,-11.674123,0.643065,0.924497,0.041907,0,0,0,0,0,0,0.0,0.0,0.0,0.0,0.0,0.0,28.004983,25.205168,2.233191,4.32454,6.027978,9.808248,0.0,0.0,0.0,0.0,0.0,0.0
sub-002,highlevel,0.6816611218019273,41.30495981459641,Fp1,-11.946855,0.168748,0.923001,0.032883,0,0,0,0,0,0,0.0,0.0,0.0,0.0,0.0,0.0,22.183988,24.88066,4.043462,7.207853,4.782666,9.573437,31.467402,31.467402,1.70495,1.70495,1.4,1.4
sub-002,highlevel,0.6816611218019273,41.30495981459641,Fz,-13.218162,-0.463772,0.89371,0.057379,0,0,0,0,0,0,0.0,0.0,0.0,0.0,0.0,0.0,22.95727,22.95727,5.070812,5.070812,6.718538,6.718538,0.0,0.0,0.0,0.0,0.0,0.0
sub-002,highlevel,0.6816611218019273,41.30495981459641,F3,-12.600687,-0.3529,0.881753,0.05978,0,0,0,0,0,0,0.0,0.0,0.0,0.0,0.0,0.0,21.567167,21.87987,4.22771,11.006954,3.973947,11.429253,0.0,0.0,0.0,0.0,0.0,0.0
sub-002,highlevel,0.6816611218019273,41.30495981459641,F7,-11.805943,0.217717,0.93024,0.034917,0,0,0,0,0,0,6.881851,6.881851,2.322672,2.322672,4.628629,4.628629,22.209721,24.671414,3.84035,7.390362,4.667824,9.836054,31.359016,31.359016,2.172187,2.172187,1.4,1.4
sub-002,highlevel,0.6816611218019273,41.30495981459641,FT9,-10.812905,1.071426,0.904952,0.051492,0,0,0,0,0,0,0.0,0.0,0.0,0.0,0.0,0.0,28.212845,25.221241,2.955204,5.03275,6.738996,9.765951,0.0,0.0,0.0,0.0,0.0,0.0
sub-002,highlevel,0.6816611218019273,41.30495981459641,FC5,-12.19001,-0.139271,0.800466,0.06053,0,0,0,0,0,0,0.0,0.0,0.0,0.0,0.0,0.0,24.269645,24.269645,4.495935,4.495935,7.783051,7.783051,0.0,0.0,0.0,0.0,0.0,0.0
sub-002,highlevel,0.6816611218019273,41.30495981459641,C3,-11.738527,0.628305,0.964754,0.02727,0,0,0,0,0,0,0.0,0.0,0.0,0.0,0.0,0.0,29.39172,26.103147,3.474388,6.716065,5.151782,9.885853,0.0,0.0,0.0,0.0,0.0,0.0
sub-002,highlevel,0.6816611218019273,41.30495981459641,T7,-11.72833,0.170256,0.868175,0.035453,0,0,0,0,0,0,6.543622,6.543622,0.798409,0.798409,5.243728,5.243728,22.662714,25.04784,3.133071,5.393297,5.76832,7.16832,0.0,0.0,0.0,0.0,0.0,0.0
sub-002,highlevel,0.6816611218019273,41.30495981459641,TP9,-11.278883,0.484356,0.903034,0.032755,0,0,0,0,0,0,0.0,0.0,0.0,0.0,0.0,0.0,21.064642,23.972426,1.782439,4.907058,2.094068,7.034655,30.992728,30.992728,1.40678,1.40678,1.4,1.4
sub-002,highlevel,0.6816611218019273,41.30495981459641,CP5,-11.598121,0.377463,0.903331,0.03136,0,0,0,0,0,0,0.0,0.0,0.0,0.0,0.0,0.0,21.616655,24.467853,2.409876,4.718812,3.698681,10.847709,0.0,0.0,0.0,0.0,0.0,0.0
sub-002,highlevel,0.6816611218019273,41.30495981459641,CP1,-11.310112,0.962972,0.963397,0.035675,0,0,0,0,0,0,0.0,0.0,0.0,0.0,0.0,0.0,28.558032,25.436893,4.179113,7.35609,5.973903,9.962922,0.0,0.0,0.0,0.0,0.0,0.0
sub-002,highlevel,0.6816611218019273,41.30495981459641,Pz,-11.097913,0.978395,0.983822,0.02557,0,0,0,0,0,0,0.0,0.0,0.0,0.0,0.0,0.0,29.147598,25.975869,3.887353,6.984456,5.262276,9.665931,0.0,0.0,0.0,0.0,0.0,0.0
sub-002,highlevel,0.6816611218019273,41.30495981459641,P3,-11.128304,0.873051,0.984297,0.024534,0,0,0,0,0,0,0.0,0.0,0.0,0.0,0.0,0.0,28.462881,25.326877,3.370504,6.078331,5.840116,9.380175,0.0,0.0,0.0,0.0,0.0,0.0
sub-002,highlevel,0.6816611218019273,41.30495981459641,P7,-11.525749,0.181076,0.898758,0.033025,0,0,0,0,0,0,0.0,0.0,0.0,0.0,0.0,0.0,24.317097,24.317097,3.265045,3.265045,7.2834,7.2834,0.0,0.0,0.0,0.0,0.0,0.0
sub-002,highlevel,0.6816611218019273,41.30495981459641,O1,-10.755816,1.043105,0.98043,0.036223,0,0,0,0,0,0,0.0,0.0,0.0,0.0,0.0,0.0,29.488654,26.545419,2.894436,4.852272,3.795417,9.363556,0.0,0.0,0.0,0.0,0.0,0.0
sub-002,highlevel,0.6816611218019273,41.30495981459641,Oz,-10.763223,1.042176,0.971683,0.046779,0,0,0,0,0,0,0.0,0.0,0.0,0.0,0.0,0.0,26.983703,26.983703,2.589712,2.589712,8.0,8.0,0.0,0.0,0.0,0.0,0.0,0.0
sub-002,highlevel,0.6816611218019273,41.30495981459641,O2,-10.761806,1.020528,0.984778,0.037784,0,0,0,0,0,0,0.0,0.0,0.0,0.0,0.0,0.0,29.753515,26.552156,2.511542,4.402193,4.013696,9.075777,0.0,0.0,0.0,0.0,0.0,0.0
sub-002,highlevel,0.6816611218019273,41.30495981459641,P4,-11.241919,0.723908,0.984066,0.023194,0,0,0,0,0,0,0.0,0.0,0.0,0.0,0.0,0.0,29.047442,25.184151,3.066099,7.926136,5.444598,10.244089,0.0,0.0,0.0,0.0,0.0,0.0
sub-002,highlevel,0.6816611218019273,41.30495981459641,P8,-11.022495,0.770955,0.986037,0.024362,0,0,0,0,0,0,0.0,0.0,0.0,0.0,0.0,0.0,27.977653,24.83561,2.276499,4.518711,6.990406,8.790818,0.0,0.0,0.0,0.0,0.0,0.0
sub-002,highlevel,0.6816611218019273,41.30495981459641,TP10,-11.352772,0.377803,0.896192,0.041987,0,0,0,0,0,0,0.0,0.0,0.0,0.0,0.0,0.0,21.829184,24.418565,1.975617,3.632367,2.699734,9.479131,0.0,0.0,0.0,0.0,0.0,0.0
sub-002,highlevel,0.6816611218019273,41.30495981459641,CP6,-11.627022,0.321593,0.920622,0.034682,0,0,0,0,0,0,0.0,0.0,0.0,0.0,0.0,0.0,26.107618,26.107618,3.092501,3.092501,8.0,8.0,0.0,0.0,0.0,0.0,0.0,0.0
sub-002,highlevel,0.6816611218019273,41.30495981459641,CP2,-11.603931,0.697317,0.970179,0.028354,0,0,0,0,0,0,0.0,0.0,0.0,0.0,0.0,0.0,29.152368,25.34898,3.55709,9.480842,5.736297,10.620708,0.0,0.0,0.0,0.0,0.0,0.0
sub-002,highlevel,0.6816611218019273,41.30495981459641,Cz,-11.814512,0.893507,0.854376,0.063305,0,0,0,0,0,0,0.0,0.0,0.0,0.0,0.0,0.0,27.816851,27.816851,3.637442,3.637442,8.0,8.0,0.0,0.0,0.0,0.0,0.0,0.0
sub-002,highlevel,0.6816611218019273,41.30495981459641,C4,-11.954886,0.448224,0.940305,0.031094,0,0,0,0,0,0,0.0,0.0,0.0,0.0,0.0,0.0,24.590603,25.127253,3.242772,8.625,3.496187,11.428343,0.0,0.0,0.0,0.0,0.0,0.0
sub-002,highlevel,0.6816611218019273,41.30495981459641,T8,-11.219749,0.738428,0.956089,0.032957,0,0,0,0,0,0,0.0,0.0,0.0,0.0,0.0,0.0,27.689227,24.618785,2.73642,4.865601,7.516957,10.518256,0.0,0.0,0.0,0.0,0.0,0.0
sub-002,highlevel,0.6816611218019273,41.30495981459641,FT10,-10.916497,1.014275,0.970559,0.036713,0,0,0,0,0,0,0.0,0.0,0.0,0.0,0.0,0.0,27.250913,27.250913,3.20574,3.20574,8.0,8.0,0.0,0.0,0.0,0.0,0.0,0.0
sub-002,highlevel,0.6816611218019273,41.30495981459641,FC6,-11.686468,0.586836,0.921562,0.042442,0,0,0,0,0,0,0.0,0.0,0.0,0.0,0.0,0.0,25.599314,25.599314,2.9262,2.9262,8.0,8.0,0.0,0.0,0.0,0.0,0.0,0.0
sub-002,highlevel,0.6816611218019273,41.30495981459641,FC2,-12.494417,0.332925,0.802198,0.043378,0,0,0,0,0,0,0.0,0.0,0.0,0.0,0.0,0.0,21.972541,25.765057,3.179093,8.350091,5.483579,10.735076,0.0,0.0,0.0,0.0,0.0,0.0
sub-002,highlevel,0.6816611218019273,41.30495981459641,F4,-12.175701,0.318627,0.931857,0.032137,0,0,0,0,0,0,6.543618,6.543618,2.095571,2.095571,4.849357,4.849357,24.288169,24.700615,3.120145,7.859433,5.328047,12.922547,0.0,0.0,0.0,0.0,0.0,0.0
sub-002,highlevel,0.6816611218019273,41.30495981459641,F8,-11.646788,0.468332,0.912321,0.047212,0,0,0,0,0,0,0.0,0.0,0.0,0.0,0.0,0.0,25.411944,25.411944,3.865959,3.865959,8.0,8.0,0.0,0.0,0.0,0.0,0.0,0.0
sub-002,highlevel,0.6816611218019273,41.30495981459641,Fp2,-11.787045,0.463816,0.943154,0.033194,0,0,0,0,0,0,0.0,0.0,0.0,0.0,0.0,0.0,21.961995,24.849553,3.27136,5.875209,3.873027,10.586624,0.0,0.0,0.0,0.0,0.0,0.0
sub-003,base,0.13652639379126613,-7.433990600713687,Fp1,-12.111692,0.15345,0.924611,0.056737,0,0,0,0,0,0,0.0,0.0,0.0,0.0,0.0,0.0,24.429925,22.298708,4.692627,7.69898,5.30651,8.364748,0.0,0.0,0.0,0.0,0.0,0.0
sub-003,base,0.13652639379126613,-7.433990600713687,Fz,-13.85313,-1.362489,0.903719,0.082017,0,0,0,0,0,0,0.0,0.0,0.0,0.0,0.0,0.0,17.652961,17.652961,6.173864,6.173864,5.783788,5.783788,0.0,0.0,0.0,0.0,0.0,0.0
sub-003,base,0.13652639379126613,-7.433990600713687,F3,-12.958516,-0.684799,0.84317,0.057178,0,0,0,0,0,0,0.0,0.0,0.0,0.0,0.0,0.0,16.122311,17.966732,4.507079,7.689247,1.87057,6.887148,0.0,0.0,0.0,0.0,0.0,0.0
sub-003,base,0.13652639379126613,-7.433990600713687,F7,-11.780393,0.231798,0.940739,0.048222,0,0,0,0,0,0,0.0,0.0,0.0,0.0,0.0,0.0,22.183509,22.183509,2.291968,2.291968,5.886129,5.886129,39.893617,39.893617,1.395116,1.395116,7.387174,7.387174
sub-003,base,0.13652639379126613,-7.433990600713687,FT9,-11.054045,0.857151,0.96168,0.053946,0,0,0,0,0,0,0.0,0.0,0.0,0.0,0.0,0.0,0.0,0.0,0.0,0.0,0.0,0.0,0.0,0.0,0.0,0.0,0.0,0.0
sub-003,base,0.13652639379126613,-7.433990600713687,FC5,-12.326913,-0.379705,0.83454,0.053575,0,0,0,0,0,0,0.0,0.0,0.0,0.0,0.0,0.0,18.940713,18.940713,3.010886,3.010886,4.873173,4.873173,0.0,0.0,0.0,0.0,0.0,0.0
sub-003,base,0.13652639379126613,-7.433990600713687,C3,-11.237148,1.101212,0.977026,0.050762,0,0,0,0,0,0,0.0,0.0,0.0,0.0,0.0,0.0,21.071211,23.678326,2.207878,4.046155,4.914704,7.153213,0.0,0.0,0.0,0.0,0.0,0.0
sub-003,base,0.13652639379126613,-7.433990600713687,T7,-11.400151,0.46071,0.954973,0.04518,0,0,0,0,0,0,0.0,0.0,0.0,0.0,0.0,0.0,18.079123,18.995692,1.649459,3.200255,1.413244,2.813244,33.973358,33.973358,0.969388,0.969388,8.0,8.0
sub-003,base,0.13652639379126613,-7.433990600713687,TP9,-11.200022,0.626783,0.964342,0.045212,0,0,0,0,0,0,0.0,0.0,0.0,0.0,0.0,0.0,21.04544,23.358478,3.417056,5.601602,4.74235,6.14235,38.929426,38.929426,1.96756,1.96756,6.667471,6.667471
sub-003,base,0.13652639379126613,-7.433990600713687,CP5,-10.640524,1.30882,0.987875,0.039131,0,0,0,0,0,0,0.0,0.0,0.0,0.0,0.0,0.0,25.821903,22.627172,2.141577,5.307144,1.626728,6.401431,0.0,0.0,0.0,0.0,0.0,0.0
sub-003,base,0.13652639379126613,-7.433990600713687,CP1,-10.6237,1.628789,0.987855,0.04942,0,0,0,0,0,0,0.0,0.0,0.0,0.0,0.0,0.0,21.952222,21.952222,3.173751,3.173751,6.784606,6.784606,0.0,0.0,0.0,0.0,0.0,0.0
sub-003,base,0.13652639379126613,-7.433990600713687,Pz,-9.965889,1.934551,0.99252,0.044478,0,0,0,0,0,0,0.0,0.0,0.0,0.0,0.0,0.0,21.904756,21.904756,2.704893,2.704893,7.02951,7.02951,0.0,0.0,0.0,0.0,0.0,0.0
sub-003,base,0.13652639379126613,-7.433990600713687,P3,-9.859849,1.961543,0.990869,0.04787,0,0,0,0,0,0,0.0,0.0,0.0,0.0,0.0,0.0,21.694813,21.694813,2.680023,2.680023,7.242209,7.242209,0.0,0.0,0.0,0.0,0.0,0.0
sub-003,base,0.13652639379126613,-7.433990600713687,P7,-10.359253,1.348201,0.989365,0.035335,0,0,0,0,0,0,0.0,0.0,0.0,0.0,0.0,0.0,25.301841,22.534147,1.959018,3.42497,2.448554,5.42987,33.7892,35.994951,1.534022,2.86857,1.4,3.281396
sub-003,base,0.13652639379126613,-7.433990600713687,O1,-9.436643,2.056359,0.97883,0.068743,0,0,0,0,0,0,0.0,0.0,0.0,0.0,0.0,0.0,0.0,0.0,0.0,0.0,0.0,0.0,0.0,0.0,0.0,0.0,0.0,0.0
sub-003,base,0.13652639379126613,-7.433990600713687,Oz,-9.526763,2.002244,0.978177,0.068638,0,0,0,0,0,0,0.0,0.0,0.0,0.0,0.0,0.0,0.0,0.0,0.0,0.0,0.0,0.0,0.0,0.0,0.0,0.0,0.0,0.0
sub-003,base,0.13652639379126613,-7.433990600713687,O2,-9.73279,1.845273,0.984196,0.057047,0,0,0,0,0,0,0.0,0.0,0.0,0.0,0.0,0.0,0.0,0.0,0.0,0.0,0.0,0.0,0.0,0.0,0.0,0.0,0.0,0.0
sub-003,base,0.13652639379126613,-7.433990600713687,P4,-10.005228,1.858279,0.991998,0.040204,0,0,0,0,0,0,0.0,0.0,0.0,0.0,0.0,0.0,25.056347,22.448918,2.421874,4.366966,3.178238,7.23975,0.0,0.0,0.0,0.0,0.0,0.0
sub-003,base,0.13652639379126613,-7.433990600713687,P8,-10.066391,1.587382,0.983385,0.056065,0,0,0,0,0,0,0.0,0.0,0.0,0.0,0.0,0.0,0.0,0.0,0.0,0.0,0.0,0.0,0.0,0.0,0.0,0.0,0.0,0.0
sub-003,base,0.13652639379126613,-7.433990600713687,TP10,-10.966815,0.728157,0.950492,0.050055,0,0,0,0,0,0,0.0,0.0,0.0,0.0,0.0,0.0,27.844977,26.196487,1.555204,2.517847,1.4,9.4,0.0,0.0,0.0,0.0,0.0,0.0
sub-003,base,0.13652639379126613,-7.433990600713687,CP6,-10.516636,1.445782,0.987635,0.044619,0,0,0,0,0,0,0.0,0.0,0.0,0.0,0.0,0.0,18.621529,22.177994,2.380823,6.210105,1.718975,7.260034,0.0,0.0,0.0,0.0,0.0,0.0
sub-003,base,0.13652639379126613,-7.433990600713687,CP2,-10.599513,1.632841,0.992363,0.041086,0,0,0,0,0,0,0.0,0.0,0.0,0.0,0.0,0.0,19.85955,22.403399,2.515655,4.999847,3.922802,7.121877,0.0,0.0,0.0,0.0,0.0,0.0
sub-003,base,0.13652639379126613,-7.433990600713687,Cz,-11.450832,1.317086,0.976004,0.05508,0,0,0,0,0,0,0.0,0.0,0.0,0.0,0.0,0.0,23.936938,21.577534,2.621911,4.125148,4.765129,6.165129,0.0,0.0,0.0,0.0,0.0,0.0
sub-003,base,0.13652639379126613,-7.433990600713687,C4,-11.05425,1.265228,0.979398,0.049146,0,0,0,0,0,0,0.0,0.0,0.0,0.0,0.0,0.0,18.10586,21.398527,2.067022,5.313701,1.4,8.20827,0.0,0.0,0.0,0.0,0.0,0.0
sub-003,base,0.13652639379126613,-7.433990600713687,T8,-11.343168,0.439844,0.928652,0.046895,0,0,0,0,0,0,0.0,0.0,0.0,0.0,0.0,0.0,0.0,0.0,0.0,0.0,0.0,0.0,38.638071,38.638071,0.95586,0.95586,8.0,8.0
sub-003,base,0.13652639379126613,-7.433990600713687,FT10,-10.717118,1.124088,0.956612,0.062644,0,0,0,0,0,0,0.0,0.0,0.0,0.0,0.0,0.0,0.0,0.0,0.0,0.0,0.0,0.0,36.739933,36.739933,1.412593,1.412593,8.0,8.0
sub-003,base,0.13652639379126613,-7.433990600713687,FC6,-11.269928,0.809359,0.933402,0.059149,0,0,0,0,0,0,0.0,0.0,0.0,0.0,0.0,0.0,0.0,0.0,0.0,0.0,0.0,0.0,36.46383,36.46383,1.174386,1.174386,8.0,8.0
sub-003,base,0.13652639379126613,-7.433990600713687,FC2,-12.958588,-0.245086,0.321338,0.108137,0,0,0,0,0,0,0.0,0.0,0.0,0.0,0.0,0.0,17.956137,17.956137,4.11438,4.11438,5.373824,5.373824,0.0,0.0,0.0,0.0,0.0,0.0
sub-003,base,0.13652639379126613,-7.433990600713687,F4,-12.453874,-0.054629,0.792537,0.052874,0,0,0,0,0,0,0.0,0.0,0.0,0.0,0.0,0.0,16.204262,17.931033,3.201772,5.41878,1.85023,6.532311,0.0,0.0,0.0,0.0,0.0,0.0
sub-003,base,0.13652639379126613,-7.433990600713687,F8,-11.467375,0.459958,0.913247,0.051568,0,0,0,0,0,0,0.0,0.0,0.0,0.0,0.0,0.0,21.007491,21.007491,1.536392,1.536392,5.596246,5.596246,0.0,0.0,0.0,0.0,0.0,0.0
sub-003,base,0.13652639379126613,-7.433990600713687,Fp2,-12.037383,0.190993,0.90012,0.05387,0,0,0,0,0,0,0.0,0.0,0.0,0.0,0.0,0.0,22.46706,22.46706,4.100348,4.100348,6.227996,6.227996,0.0,0.0,0.0,0.0,0.0,0.0
sub-003,lowlevel,1.0905764911329536,2.527475239285022,Fp1,-11.855427,0.441478,0.953347,0.048394,0,0,0,0,0,0,0.0,0.0,0.0,0.0,0.0,0.0,22.283329,26.030283,2.611669,3.825552,4.783216,12.783216,0.0,0.0,0.0,0.0,0.0,0.0
sub-003,lowlevel,1.0905764911329536,2.527475239285022,Fz,-13.432179,-0.872459,0.899257,0.052235,0,0,0,0,0,0,0.0,0.0,0.0,0.0,0.0,0.0,14.936291,16.683325,4.658989,8.615054,2.363847,7.389176,0.0,0.0,0.0,0.0,0.0,0.0
sub-003,lowlevel,1.0905764911329536,2.527475239285022,F3,-12.579814,-0.307666,0.799038,0.055156,0,0,0,0,0,0,0.0,0.0,0.0,0.0,0.0,0.0,17.630485,17.630485,3.234447,3.234447,4.934411,4.934411,0.0,0.0,0.0,0.0,0.0,0.0
sub-003,lowlevel,1.0905764911329536,2.527475239285022,F7,-11.434421,0.583843,0.953777,0.050473,0,0,0,0,0,0,0.0,0.0,0.0,0.0,0.0,0.0,22.188822,22.188822,1.697667,1.697667,5.793616,5.793616,0.0,0.0,0.0,0.0,0.0,0.0
sub-003,lowlevel,1.0905764911329536,2.527475239285022,FT9,-10.747784,1.169784,0.990074,0.032792,0,0,0,0,0,0,0.0,0.0,0.0,0.0,0.0,0.0,18.801056,21.192673,0.883232,1.711519,1.4,6.070576,0.0,0.0,0.0,0.0,0.0,0.0
sub-003,lowlevel,1.0905764911329536,2.527475239285022,FC5,-11.761733,0.203551,0.92866,0.038843,0,0,0,0,0,0,0.0,0.0,0.0,0.0,0.0,0.0,17.106064,17.106064,2.26143,2.26143,3.020783,3.020783,34.156221,34.156221,1.372094,1.372094,7.549983,7.549983
sub-003,lowlevel,1.0905764911329536,2.527475239285022,C3,-10.821831,1.412804,0.97357,0.062943,0,0,0,0,0,0,0.0,0.0,0.0,0.0,0.0,0.0,0.0,0.0,0.0,0.0,0.0,0.0,0.0,0.0,0.0,0.0,0.0,0.0
sub-003,lowlevel,1.0905764911329536,2.527475239285022,T7,-11.025817,0.784374,0.984627,0.026628,0,0,0,0,0,0,0.0,0.0,0.0,0.0,0.0,0.0,0.0,0.0,0.0,0.0,0.0,0.0,38.351061,35.09266,1.892813,4.308298,2.143842,7.947695
sub-003,lowlevel,1.0905764911329536,2.527475239285022,TP9,-11.130115,0.678935,0.924806,0.078186,0,0,0,0,0,0,0.0,0.0,0.0,0.0,0.0,0.0,19.476059,22.58383,2.772753,6.373513,3.285456,6.240467,0.0,0.0,0.0,0.0,0.0,0.0
sub-003,lowlevel,1.0905764911329536,2.527475239285022,CP5,-10.315129,1.553711,0.987645,0.046504,0,0,0,0,0,0,0.0,0.0,0.0,0.0,0.0,0.0,0.0,0.0,0.0,0.0,0.0,0.0,0.0,0.0,0.0,0.0,0.0,0.0
sub-003,lowlevel,1.0905764911329536,2.527475239285022,CP1,-10.352721,1.871321,0.989124,0.055339,0,0,0,0,0,0,0.0,0.0,0.0,0.0,0.0,0.0,21.549228,21.549228,2.638816,2.638816,8.0,8.0,0.0,0.0,0.0,0.0,0.0,0.0
sub-003,lowlevel,1.0905764911329536,2.527475239285022,Pz,-9.753148,2.076156,0.972225,0.097906,0,0,0,0,0,0,0.0,0.0,0.0,0.0,0.0,0.0,0.0,0.0,0.0,0.0,0.0,0.0,0.0,0.0,0.0,0.0,0.0,0.0
sub-003,lowlevel,1.0905764911329536,2.527475239285022,P3,-9.483148,2.205523,0.975494,0.089009,0,0,0,0,0,0,0.0,0.0,0.0,0.0,0.0,0.0,0.0,0.0,0.0,0.0,0.0,0.0,0.0,0.0,0.0,0.0,0.0,0.0
sub-003,lowlevel,1.0905764911329536,2.527475239285022,P7,-10.553958,1.134602,0.987639,0.039458,0,0,0,0,0,0,0.0,0.0,0.0,0.0,0.0,0.0,0.0,0.0,0.0,0.0,0.0,0.0,0.0,0.0,0.0,0.0,0.0,0.0
sub-003,lowlevel,1.0905764911329536,2.527475239285022,O1,-9.352114,2.161577,0.971332,0.078427,0,0,0,0,0,0,0.0,0.0,0.0,0.0,0.0,0.0,0.0,0.0,0.0,0.0,0.0,0.0,0.0,0.0,0.0,0.0,0.0,0.0
sub-003,lowlevel,1.0905764911329536,2.527475239285022,Oz,-9.435126,2.126219,0.968623,0.082444,0,0,0,0,0,0,0.0,0.0,0.0,0.0,0.0,0.0,0.0,0.0,0.0,0.0,0.0,0.0,0.0,0.0,0.0,0.0,0.0,0.0
sub-003,lowlevel,1.0905764911329536,2.527475239285022,O2,-9.496448,2.08886,0.971662,0.077401,0,0,0,0,0,0,0.0,0.0,0.0,0.0,0.0,0.0,0.0,0.0,0.0,0.0,0.0,0.0,0.0,0.0,0.0,0.0,0.0,0.0
sub-003,lowlevel,1.0905764911329536,2.527475239285022,P4,-9.845475,1.981475,0.974206,0.081189,0,0,0,0,0,0,0.0,0.0,0.0,0.0,0.0,0.0,0.0,0.0,0.0,0.0,0.0,0.0,0.0,0.0,0.0,0.0,0.0,0.0
sub-003,lowlevel,1.0905764911329536,2.527475239285022,P8,-9.855373,1.797179,0.984775,0.051487,0,0,0,0,0,0,0.0,0.0,0.0,0.0,0.0,0.0,0.0,0.0,0.0,0.0,0.0,0.0,0.0,0.0,0.0,0.0,0.0,0.0
sub-003,lowlevel,1.0905764911329536,2.527475239285022,TP10,-10.900086,0.802754,0.986276,0.029445,0,0,0,0,0,0,0.0,0.0,0.0,0.0,0.0,0.0,28.828029,26.090947,1.170854,3.376558,1.4,4.2,38.656539,38.656539,1.318257,1.318257,4.273567,4.273567
sub-003,lowlevel,1.0905764911329536,2.527475239285022,CP6,-10.375458,1.578833,0.990424,0.041274,0,0,0,0,0,0,0.0,0.0,0.0,0.0,0.0,0.0,20.717021,20.717021,1.522017,1.522017,6.81209,6.81209,0.0,0.0,0.0,0.0,0.0,0.0
sub-003,lowlevel,1.0905764911329536,2.527475239285022,CP2,-10.322704,1.827518,0.975591,0.084175,0,0,0,0,0,0,0.0,0.0,0.0,0.0,0.0,0.0,0.0,0.0,0.0,0.0,0.0,0.0,0.0,0.0,0.0,0.0,0.0,0.0
sub-003,lowlevel,1.0905764911329536,2.527475239285022,Cz,-11.368368,1.444315,0.979173,0.056255,0,0,0,0,0,0,0.0,0.0,0.0,0.0,0.0,0.0,24.338842,24.338842,2.277636,2.277636,6.49109,6.49109,0.0,0.0,0.0,0.0,0.0,0.0
sub-003,lowlevel,1.0905764911329536,2.527475239285022,C4,-10.846774,1.429263,0.976388,0.066871,0,0,0,0,0,0,0.0,0.0,0.0,0.0,0.0,0.0,0.0,0.0,0.0,0.0,0.0,0.0,0.0,0.0,0.0,0.0,0.0,0.0
sub-003,lowlevel,1.0905764911329536,2.527475239285022,T8,-11.228595,0.565039,0.958997,0.046866,0,0,0,0,0,0,0.0,0.0,0.0,0.0,0.0,0.0,0.0,0.0,0.0,0.0,0.0,0.0,0.0,0.0,0.0,0.0,0.0,0.0
sub-003,lowlevel,1.0905764911329536,2.527475239285022,FT10,-10.529777,1.333503,0.990679,0.032341,0,0,0,0,0,0,0.0,0.0,0.0,0.0,0.0,0.0,22.40721,22.40721,1.095373,1.095373,5.651125,5.651125,0.0,0.0,0.0,0.0,0.0,0.0
sub-003,lowlevel,1.0905764911329536,2.527475239285022,FC6,-11.301799,0.819463,0.975491,0.04094,0,0,0,0,0,0,0.0,0.0,0.0,0.0,0.0,0.0,0.0,0.0,0.0,0.0,0.0,0.0,0.0,0.0,0.0,0.0,0.0,0.0
sub-003,lowlevel,1.0905764911329536,2.527475239285022,FC2,-12.677058,0.125096,0.339094,0.084219,0,0,0,0,0,0,0.0,0.0,0.0,0.0,0.0,0.0,15.293397,17.033855,3.524955,5.912993,2.094595,6.917764,0.0,0.0,0.0,0.0,0.0,0.0
sub-003,lowlevel,1.0905764911329536,2.527475239285022,F4,-11.975293,0.412809,0.882089,0.05827,0,0,0,0,0,0,0.0,0.0,0.0,0.0,0.0,0.0,0.0,0.0,0.0,0.0,0.0,0.0,0.0,0.0,0.0,0.0,0.0,0.0
sub-003,lowlevel,1.0905764911329536,2.527475239285022,F8,-11.360672,0.597989,0.957125,0.048199,0,0,0,0,0,0,0.0,0.0,0.0,0.0,0.0,0.0,0.0,0.0,0.0,0.0,0.0,0.0,0.0,0.0,0.0,0.0,0.0,0.0
sub-003,lowlevel,1.0905764911329536,2.527475239285022,Fp2,-11.771132,0.491927,0.973774,0.03378,0,0,0,0,0,0,0.0,0.0,0.0,0.0,0.0,0.0,21.987524,21.987524,2.483188,2.483188,5.372,5.372,39.893617,39.893617,1.306103,1.306103,6.156118,6.156118
sub-003,highlevel,0.3239619150049327,-5.192652346301998,Fp1,-12.040446,0.292554,0.945285,0.048336,0,0,0,0,0,0,0.0,0.0,0.0,0.0,0.0,0.0,24.702213,24.702213,3.15177,3.15177,7.069743,7.069743,0.0,0.0,0.0,0.0,0.0,0.0
sub-003,highlevel,0.3239619150049327,-5.192652346301998,Fz,-13.432346,-0.926015,0.917157,0.051336,0,0,0,0,0,0,0.0,0.0,0.0,0.0,0.0,0.0,17.563025,17.563025,4.476072,4.476072,6.089477,6.089477,0.0,0.0,0.0,0.0,0.0,0.0
sub-003,highlevel,0.3239619150049327,-5.192652346301998,F3,-12.473372,-0.268266,0.711898,0.062836,0,0,0,0,0,0,0.0,0.0,0.0,0.0,0.0,0.0,17.886308,17.886308,2.357429,2.357429,5.316694,5.316694,0.0,0.0,0.0,0.0,0.0,0.0
sub-003,highlevel,0.3239619150049327,-5.192652346301998,F7,-11.359638,0.657177,0.944652,0.056246,0,0,0,0,0,0,0.0,0.0,0.0,0.0,0.0,0.0,0.0,0.0,0.0,0.0,0.0,0.0,0.0,0.0,0.0,0.0,0.0,0.0
sub-003,highlevel,0.3239619150049327,-5.192652346301998,FT9,-10.870848,1.069705,0.974996,0.05226,0,0,0,0,0,0,0.0,0.0,0.0,0.0,0.0,0.0,0.0,0.0,0.0,0.0,0.0,0.0,0.0,0.0,0.0,0.0,0.0,0.0
sub-003,highlevel,0.3239619150049327,-5.192652346301998,FC5,-11.551385,0.407366,0.95061,0.035507,0,0,0,0,0,0,0.0,0.0,0.0,0.0,0.0,0.0,0.0,0.0,0.0,0.0,0.0,0.0,0.0,0.0,0.0,0.0,0.0,0.0
sub-003,highlevel,0.3239619150049327,-5.192652346301998,C3,-10.866465,1.41047,0.959271,0.088482,0,0,0,0,0,0,0.0,0.0,0.0,0.0,0.0,0.0,0.0,0.0,0.0,0.0,0.0,0.0,0.0,0.0,0.0,0.0,0.0,0.0
sub-003,highlevel,0.3239619150049327,-5.192652346301998,T7,-10.924179,0.917147,0.978063,0.038073,0,0,0,0,0,0,0.0,0.0,0.0,0.0,0.0,0.0,0.0,0.0,0.0,0.0,0.0,0.0,39.117895,39.117895,1.818447,1.818447,7.986641,7.986641
sub-003,highlevel,0.3239619150049327,-5.192652346301998,TP9,-11.331494,0.529864,0.939744,0.065286,0,0,0,0,0,0,0.0,0.0,0.0,0.0,0.0,0.0,18.433562,19.788245,2.968178,5.306665,2.619702,6.571211,0.0,0.0,0.0,0.0,0.0,0.0
sub-003,highlevel,0.3239619150049327,-5.192652346301998,CP5,-10.226848,1.720793,0.995246,0.029782,0,0,0,0,0,0,0.0,0.0,0.0,0.0,0.0,0.0,18.413887,22.872186,2.821212,6.149686,2.461969,10.068035,0.0,0.0,0.0,0.0,0.0,0.0
sub-003,highlevel,0.3239619150049327,-5.192652346301998,CP1,-10.44264,1.80509,0.994304,0.040589,0,0,0,0,0,0,0.0,0.0,0.0,0.0,0.0,0.0,18.02128,20.529512,4.282728,6.635339,2.630418,9.041435,0.0,0.0,0.0,0.0,0.0,0.0
sub-003,highlevel,0.3239619150049327,-5.192652346301998,Pz,-9.829224,2.071729,0.987947,0.056226,0,0,0,0,0,0,0.0,0.0,0.0,0.0,0.0,0.0,21.301591,21.301591,2.762874,2.762874,7.735282,7.735282,0.0,0.0,0.0,0.0,0.0,0.0
sub-003,highlevel,0.3239619150049327,-5.192652346301998,P3,-9.610775,2.174544,0.989546,0.05174,0,0,0,0,0,0,0.0,0.0,0.0,0.0,0.0,0.0,20.944804,20.944804,2.849529,2.849529,7.411816,7.411816,0.0,0.0,0.0,0.0,0.0,0.0
sub-003,highlevel,0.3239619150049327,-5.192652346301998,P7,-10.118544,1.63647,0.993641,0.03109,0,0,0,0,0,0,0.0,0.0,0.0,0.0,0.0,0.0,18.709351,21.019502,2.118272,3.878581,1.815923,8.843113,0.0,0.0,0.0,0.0,0.0,0.0
sub-003,highlevel,0.3239619150049327,-5.192652346301998,O1,-9.382934,2.139469,0.973192,0.077252,0,0,0,0,0,0,0.0,0.0,0.0,0.0,0.0,0.0,0.0,0.0,0.0,0.0,0.0,0.0,0.0,0.0,0.0,0.0,0.0,0.0
sub-003,highlevel,0.3239619150049327,-5.192652346301998,Oz,-9.493387,2.079476,0.972394,0.077225,0,0,0,0,0,0,0.0,0.0,0.0,0.0,0.0,0.0,0.0,0.0,0.0,0.0,0.0,0.0,0.0,0.0,0.0,0.0,0.0,0.0
sub-003,highlevel,0.3239619150049327,-5.192652346301998,O2,-9.570675,2.028774,0.979783,0.063978,0,0,0,0,0,0,0.0,0.0,0.0,0.0,0.0,0.0,0.0,0.0,0.0,0.0,0.0,0.0,0.0,0.0,0.0,0.0,0.0,0.0
sub-003,highlevel,0.3239619150049327,-5.192652346301998,P4,-9.868361,1.959955,0.973801,0.080265,0,0,0,0,0,0,0.0,0.0,0.0,0.0,0.0,0.0,0.0,0.0,0.0,0.0,0.0,0.0,0.0,0.0,0.0,0.0,0.0,0.0
sub-003,highlevel,0.3239619150049327,-5.192652346301998,P8,-9.793582,1.855244,0.986513,0.047976,0,0,0,0,0,0,0.0,0.0,0.0,0.0,0.0,0.0,0.0,0.0,0.0,0.0,0.0,0.0,0.0,0.0,0.0,0.0,0.0,0.0
sub-003,highlevel,0.3239619150049327,-5.192652346301998,TP10,-10.702489,1.021749,0.981707,0.040081,0,0,0,0,0,0,0.0,0.0,0.0,0.0,0.0,0.0,25.252216,25.252216,1.439676,1.439676,7.341285,7.341285,0.0,0.0,0.0,0.0,0.0,0.0
sub-003,highlevel,0.3239619150049327,-5.192652346301998,CP6,-10.250407,1.690525,0.989912,0.041995,0,0,0,0,0,0,0.0,0.0,0.0,0.0,0.0,0.0,20.99931,20.99931,1.772331,1.772331,6.662164,6.662164,0.0,0.0,0.0,0.0,0.0,0.0
sub-003,highlevel,0.3239619150049327,-5.192652346301998,CP2,-10.361438,1.844753,0.988996,0.055847,0,0,0,0,0,0,0.0,0.0,0.0,0.0,0.0,0.0,21.01002,21.01002,2.621835,2.621835,6.503857,6.503857,0.0,0.0,0.0,0.0,0.0,0.0
sub-003,highlevel,0.3239619150049327,-5.192652346301998,Cz,-11.456878,1.363019,0.981474,0.053534,0,0,0,0,0,0,0.0,0.0,0.0,0.0,0.0,0.0,23.415423,23.415423,2.317286,2.317286,6.145565,6.145565,0.0,0.0,0.0,0.0,0.0,0.0
sub-003,highlevel,0.3239619150049327,-5.192652346301998,C4,-10.754721,1.539504,0.984088,0.048831,0,0,0,0,0,0,0.0,0.0,0.0,0.0,0.0,0.0,21.825601,21.825601,1.746642,1.746642,7.949064,7.949064,0.0,0.0,0.0,0.0,0.0,0.0
sub-003,highlevel,0.3239619150049327,-5.192652346301998,T8,-11.10847,0.719537,0.965793,0.041626,0,0,0,0,0,0,0.0,0.0,0.0,0.0,0.0,0.0,0.0,0.0,0.0,0.0,0.0,0.0,0.0,0.0,0.0,0.0,0.0,0.0
sub-003,highlevel,0.3239619150049327,-5.192652346301998,FT10,-10.575081,1.319648,0.989758,0.035611,0,0,0,0,0,0,0.0,0.0,0.0,0.0,0.0,0.0,21.27048,23.372258,1.378781,2.524138,1.4,8.326139,0.0,0.0,0.0,0.0,0.0,0.0
sub-003,highlevel,0.3239619150049327,-5.192652346301998,FC6,-11.243458,0.92629,0.984854,0.033098,0,0,0,0,0,0,0.0,0.0,0.0,0.0,0.0,0.0,21.428203,19.800934,1.349594,2.65404,1.738345,3.138345,0.0,0.0,0.0,0.0,0.0,0.0
sub-003,highlevel,0.3239619150049327,-5.192652346301998,FC2,-13.145679,-0.245307,0.780368,0.050627,0,0,0,0,0,0,6.947678,6.947678,4.565646,4.565646,2.57216,2.57216,17.961675,17.961675,2.921626,2.921626,5.174618,5.174618,0.0,0.0,0.0,0.0,0.0,0.0
sub-003,highlevel,0.3239619150049327,-5.192652346301998,F4,-12.020885,0.386888,0.940662,0.043764,0,0,0,0,0,0,0.0,0.0,0.0,0.0,0.0,0.0,17.14856,19.406894,1.861687,3.10175,1.991721,5.353402,0.0,0.0,0.0,0.0,0.0,0.0
sub-003,highlevel,0.3239619150049327,-5.192652346301998,F8,-11.265605,0.748739,0.982182,0.032604,0,0,0,0,0,0,0.0,0.0,0.0,0.0,0.0,0.0,18.049386,19.823354,1.487244,2.92737,1.4,3.477568,0.0,0.0,0.0,0.0,0.0,0.0
sub-003,highlevel,0.3239619150049327,-5.192652346301998,Fp2,-11.770532,0.507976,0.961898,0.042923,0,0,0,0,0,0,0.0,0.0,0.0,0.0,0.0,0.0,23.355112,23.355112,2.799563,2.799563,5.777803,5.777803,0.0,0.0,0.0,0.0,0.0,0.0
